{
  "ssid": "",
  "pwd": "",
  "name": "PontTournant",
  "degreesPerStep": 1.799999952,
  "microStepsPerStep": 8,
  "driverMinimalMicroSec": 3,
  "invertStepper": false,
  "stepperReduction": 4,
  "requiredRPM": 0.5,
  "inertiaAngleStarting": 6,
  "inertiaAngleStopping": 6,
  "inertiaFactorStarting": 5,
  "inertiaFactorStopping": 5,
  "ledOnWhenHigh": true,
  "maxDelta": 4,
  "enableEncoder": true,
  "enableDCC": true,
  "adjustPosition": false,
  "encoderOffsetAngle": 86.70959473,
  "clockwiseIncrement": false,
  "imageOffsetAngle": 359.4616699,
  "slaveId": 1,
  "regId": 0,
  "radius": 47,
  "enableSound": true,
  "beforeSoundIndex": 1,
  "beforeSoundDuration": 3,
  "beforeSoundVolume": 24,
  "moveSoundIndex": 2,
  "moveSoundVolume": 20,
  "afterSoundIndex": 3,
  "afterSoundDuration": 1.700000048,
  "afterSoundVolume": 24,
  "traceDebug": true,
  "traceCode": true,
  "traceJava": false,
  "trackCount": 15,
  "a1": 0,
  "a2": 30.02563477,
  "a3": 62.06176758,
  "a4": 76.17370605,
  "a5": 90.03295898,
  "a6": 107.8308105,
  "a7": 121.1407471,
  "a8": 134.9890137,
  "a9": 152.1002197,
  "a10": 165.0036621,
  "a11": 180,
  "a12": 194.7766113,
  "a13": 208.8226318,
  "a14": 222.1765137,
  "a15": 270.1647949,
  "a16": -1,
  "a17": -1,
  "a18": -1,
  "a19": -1,
  "a20": -1,
  "a21": -1,
  "a22": -1,
  "a23": -1,
  "a24": -1,
  "a25": -1,
  "a26": -1,
  "a27": -1,
  "a28": -1,
  "a29": -1,
  "a30": -1,
  "a31": -1,
  "a32": -1,
  "a33": -1,
  "a34": -1,
  "a35": -1,
  "a36": -1,
  "d1": 206.0,
  "d2": 203.0,
  "d3": 200.5,
  "d4": 223.5,
  "d5": 222.5,
  "d6": 221.5,
  "d7": 220.5,
  "d8": 219.5,
  "d9": 218.5,
  "d10": 217.5,
  "d11": 216.5,
  "d12": 215.5,
  "d13": 214.5,
  "d14": 213.5,
  "d15": 212.0,
  "d16": -1,
  "d17": -1,
  "d18": -1,
  "d19": -1,
  "d20": -1,
  "d21": -1,
  "d22": -1,
  "d23": -1,
  "d24": -1,
  "d25": -1,
  "d26": -1,
  "d27": -1,
  "d28": -1,
  "d29": -1,
  "d30": -1,
  "d31": -1,
  "d32": -1,
  "d33": -1,
  "d34": -1,
  "d35": -1,
  "d36": -1 
}