{
  "ssid": "",
  "pwd": "",
  "name": "PontTournant",
  "degreesPerStep": 1.799999952,
  "microStepsPerStep": 4,
  "driverMinimalMicroSec": 3,
  "invertStepper": false,
  "stepperReduction": 3,
  "requiredRPM": 3,
  "maxDelta": 4,
  "enableEncoder": false,
  "adjustPosition": false,
  "encoderOffsetAngle": 41.74472046,
  "clockwiseIncrement": false,
  "imageOffsetAngle": 0.0,
  "slaveId": 1,
  "regId": 0,
  "radius": 47,
  "enableCircles": flase,
  "enableSound": false,
  "soundVolume": 10,
  "beforeSoundIndex": 0,
  "beforeSoundDuration": 2.5,
  "moveSoundIndex": 2,
  "afterSoundIndex": 0,
  "afterSoundDuration": 0.5,
  "traceDebug": false,
  "traceCode": false,
  "traceJava": false,
  "trackCount": 15,
  "a1": 0,
  "a2": 30.03662109,
  "a3": 62.64404297,
  "a4": 76.55273438,
  "a5": 90.73608398,
  "a6": 108.1988525,
  "a7": 121.8109131,
  "a8": 135.4724121,
  "a9": 152.5177002,
  "a10": 165.3442383,
  "a11": 180.269165,
  "a12": 194.3151855,
  "a13": 209.09729,
  "a14": 222.4401855,
  "a15": 270.637207,
  "a16": -1,
  "a17": -1,
  "a18": -1,
  "a19": -1,
  "a20": -1,
  "a21": -1,
  "a22": -1,
  "a23": -1,
  "a24": -1,
  "a25": -1,
  "a26": -1,
  "a27": -1,
  "a28": -1,
  "a29": -1,
  "a30": -1,
  "a31": -1,
  "a32": -1,
  "a33": -1,
  "a34": -1,
  "a35": -1,
  "a36": -1
}